Utterance,Intended,Onglide,AlignmentWord,AlignmentVowel,TargetHeight,refL,Speaker,DurationOpeningGesture,DisplacementOpeningGesture,Vowel,PitchAccentConsensus,PitchAccentTranscriber1,PitchAccentTranscriber2,DifferenceType,RelativeAlignmentSyllable
FOKUS101,broad,-0.63,-53.27,-145.81,7.56,180.27,F1,87.287,8.78,i,H+!H*,H+!H*,H*,DH,-0.29
FOKUS103,contrastive,6.6,196.4,109.47,7.83,178.91,F1,129.963,2.98,o,L+H*,L+H*,L+H*,S,0.86
FOKUS105,broad,-4.77,-72.5,-139.36,4.57,173.46,F1,112.084,14.4,a,H+!H*,H+!H*,H+!H*,S,-0.33
FOKUS107,narrow,0.4,130.05,37.11,7.93,180.06,F1,100.729,3.7,o,H*,H*,H*,S,0.64
FOKUS108,contrastive,4.08,209.38,129.92,6.62,188.1,F1,139.716,17.16,a,L+H*,L+H*,L+H*,S,0.82
FOKUS111,narrow,5.68,183.42,96.22,7.54,188.88,F1,94.952,10.27,i,L+H*,L+H*,L+H*,S,0.96
FOKUS114,broad,-5.25,-47.93,-152.69,4.15,172.25,F1,66.008,2.39,o,H+!H*,H+!H*,H+!H*,S,-0.24
FOKUS115,contrastive,9.15,201.65,106.97,10.72,187.53,F1,104.813,11.19,i,L+H*,L+H*,L+H*,S,0.96
FOKUS116,narrow,-3.75,-62.72,-144.21,4.04,176.59,F1,109.834,13.72,a,H+!H*,H+!H*,H+!H*,S,-0.3
FOKUS118,broad,-0.87,84.73,2.79,6.97,170.89,F1,86.091,7.78,i,H+!H*,H*,H+!H*,DH,0.5
FOKUS120,contrastive,6.95,219.65,107.02,7.36,184.04,F1,125.711,5.51,o,L+H*,L+H*,L+H*,S,0.95
FOKUS121,broad,-7.52,-57.37,-132.1,1.32,172.66,F1,108.379,11.15,a,H+!H*,H+!H*,H+!H*,S,-0.27
FOKUS123,narrow,1.22,142.98,47.16,7.15,179.36,F1,92.573,2.94,o,H*,H*,H*,S,0.74
FOKUS124,contrastive,8.35,228.7,135.44,8.26,180.53,F1,130.282,16.12,a,L+H*,L+H*,L+H*,S,0.84
FOKUS127,narrow,5.26,178.45,83.04,7.45,177.09,F1,94.305,9.21,i,L+H*,L+H*,L+H*,S,0.94
FOKUS130,broad,-8.32,-38.89,-138.91,1.9,177.72,F1,102.719,2.59,o,H+!H*,H+!H*,H+!H*,S,-0.18
FOKUS131,contrastive,7.33,195.5,89.71,8.4,184.01,F1,95.88,10.19,i,L+H*,L+H*,L+H*,S,0.95
FOKUS132,narrow,4.63,196.46,115.2,5.81,182.91,F1,114.087,14.84,a,L+H*,H*,L+H*,HLH,0.86
FOKUS134,broad,6.11,-24.52,-119.51,5.65,172.62,F1,100.024,9.57,i,H+!H*,H+!H*,H+!H*,S,-0.12
FOKUS136,contrastive,7.17,211.38,103.07,7.87,178.13,F1,124.823,6.02,o,L+H*,L+H*,L+H*,S,0.9
FOKUS137,broad,-6.07,-39.33,-125.24,4.74,169.71,F1,113.969,11.89,a,H+!H*,H+!H*,H+!H*,S,-0.17
FOKUS139,narrow,5.7,183.09,101.56,7.13,183.14,F1,130.147,3.8,o,L+H*,L+H*,L+H*,S,0.87
FOKUS140,contrastive,3.93,228.81,152.05,6.41,180.68,F1,143.955,25.93,a,L+H*,L+H*,L+H*,S,0.86
FOKUS143,narrow,5.53,172.96,88.66,7.98,179.11,F1,96.58,8.21,i,L+H*,L+H*,L+H*,S,0.94
FOKUS146,broad,-7.99,-53.69,-158.19,2.09,170.54,F1,105.882,2.39,o,H+!H*,H+!H*,H+!H*,S,-0.24
FOKUS147,contrastive,6.35,234.7,134.38,9.74,176.84,F1,133.793,13.85,i,L+H*,L+H*,L+H*,S,0.93
FOKUS148,narrow,3.24,226.31,138.97,6.77,179.38,F1,138.911,15.66,a,L+H*,H*,L+H*,HLH,0.87
FOKUS150,broad,-5.51,-13.22,-110.9,5.41,171.33,F1,88.081,6.99,i,H+!H*,H+!H*,H+!H*,S,-0.07
FOKUS152,contrastive,-6.41,211.01,110.82,NA,180.62,F1,118.889,2.11,o,L+H*,L+H*,L+H*,S,0.91
FOKUS153,broad,-4.37,-43.41,-133.7,5.2,175.9,F1,122.33,13.64,a,H+!H*,H+!H*,H+!H*,S,-0.18
FOKUS155,narrow,5.47,194.01,88.94,6.54,175.63,F1,107.846,2.33,o,L+H*,L+H*,L+H*,S,0.9
FOKUS156,contrastive,4.98,195.47,109.41,5.42,175.9,F1,126.593,20.79,a,L+H*,L+H*,L+H*,S,0.8
FOKUS159,narrow,5.55,197.59,97.72,7.52,183.33,F1,97.843,10.96,i,L+H*,L+H*,L+H*,S,0.97
FOKUS201,broad,-2.4,-56.35,-150.58,8.36,170.75,F1,101.566,3.53,o,H+!H*,H+!H*,H+!H*,S,-0.27
FOKUS202,contrastive,7.88,198.53,99.04,8.72,172.26,F1,104.098,10.08,i,L+H*,L+H*,L+H*,S,0.94
FOKUS203,narrow,4.44,213.74,119.5,4.88,180.8,F1,126.409,18.84,a,L+H*,H*,L+H*,HLH,0.84
FOKUS205,broad,-5.1,-36.84,-115.55,5.05,177.01,F1,103.68,7.97,i,H+!H*,H+!H*,H+!H*,S,-0.19
FOKUS207,contrastive,6.74,228.05,114.58,7.57,179.33,F1,138.637,5.83,o,L+H*,L+H*,L+H*,S,0.9
FOKUS208,broad,-5.14,-42.04,-127.63,5.23,173.76,F1,128.484,10.59,a,H+!H*,H+!H*,H+!H*,S,-0.17
FOKUS210,narrow,3.59,189.81,102.64,6.35,182.39,F1,127.43,2.65,o,L+H*,L+H*,L+H*,S,0.89
FOKUS211,contrastive,4.41,228.76,140.94,5.56,181.28,F1,128.83,19.88,a,L+H*,L+H*,L+H*,S,0.89
FOKUS214,narrow,5.22,201.85,108.52,7.73,176.45,F1,105.275,10.15,i,L+H*,L+H*,L+H*,S,0.96
FOKUS217,broad,-6.34,-28.5,-128.59,3.42,171.3,F1,83.314,2.98,o,H+!H*,H+!H*,H+!H*,S,-0.15
FOKUS218,contrastive,8.96,199.87,110.03,11.52,177.53,F1,107.785,11.47,i,L+H*,L+H*,L+H*,S,0.96
FOKUS219,narrow,-1.41,-58.28,-150.66,6.14,181.53,F1,112.566,16.46,a,H+!H*,H+!H*,H*,DH,-0.24
FOKUS221,broad,5.93,44.94,-48.86,4.19,176.82,F1,94.836,7.36,i,H+!H*,H+!H*,H+!H*,S,0.26
FOKUS223,contrastive,7.71,223.73,118.19,8.26,180.75,F1,108.906,4.91,o,L+H*,L+H*,L+H*,S,0.94
FOKUS224,broad,-8.66,-43.72,-130.17,1.41,171.75,F1,111.56,12.73,a,H+!H*,H+!H*,H+!H*,S,-0.2
FOKUS226,narrow,4.02,191.09,86.21,8.17,175.58,F1,126.598,4.9,o,L+H*,L+H*,L+H*,S,0.88
FOKUS227,contrastive,3.51,208.26,119.69,4.98,184,F1,130.801,20.62,a,H*,H*,L+H*,HLH,0.82
FOKUS230,narrow,6.83,195.58,102.69,8.89,190.19,F1,102.682,10.45,i,L+H*,L+H*,L+H*,S,0.97
FOKUS233,broad,-5.49,-28.41,-123.85,5.37,174.29,F1,94.522,2.28,o,H+!H*,H+!H*,H+!H*,S,-0.15
FOKUS234,contrastive,9.26,219.79,112.11,11.27,182.69,F1,108.828,12.11,i,L+H*,L+H*,L+H*,S,0.97
FOKUS235,narrow,-1.36,-38.52,-129.78,7.18,180.78,F1,123.244,16.3,a,H+!H*,H+!H*,H*,DH,-0.16
FOKUS237,broad,-5.74,-20.53,-120.39,5.6,171.39,F1,91.008,7.06,i,H+!H*,H+!H*,H+!H*,S,-0.11
FOKUS239,contrastive,9.63,214.82,103.74,10.12,179.78,F1,141.585,4.79,o,L+H*,L+H*,L+H*,S,0.89
FOKUS240,broad,-4.67,-46.91,-142.37,5.05,172.35,F1,123.832,13.18,a,H+!H*,H+!H*,H+!H*,S,-0.19
FOKUS242,narrow,5.22,193.77,92.71,6.68,185.75,F1,113.791,4.02,o,L+H*,L+H*,L+H*,S,0.91
FOKUS243,contrastive,5.88,228.56,140.32,6.78,177.72,F1,123.461,17.67,a,L+H*,L+H*,L+H*,S,0.86
FOKUS246,narrow,8.28,200.73,98.34,9.29,193.34,F1,103.638,10.25,i,L+H*,L+H*,L+H*,S,0.97
FOKUS249,broad,-7.44,-47.7,-149.84,4.58,167.78,F1,95.092,2.54,o,H+!H*,H+!H*,H+!H*,S,-0.24
FOKUS250,contrastive,8.03,216.44,108.5,11.12,183.3,F1,104.118,11.45,i,L+H*,L+H*,L+H*,S,0.97
FOKUS251,narrow,5.96,208.94,128.82,6.71,183.23,F1,136.699,14.93,a,L+H*,L+H*,L+H*,S,0.84
FOCUS01,broad,-1.94,-45.31,-128.68,3.07,150.81,F2,101.07,7.22,i,H+!H*,H+!H*,H+!H*,S,-0.26
FOCUS03,contrastive,4.92,197.56,100.1,7.54,148.2,F2,121.426,4.32,o,L+H*,L+H*,L+H*,S,0.99
FOCUS04,broad,-3.05,-36.72,-122.24,2.64,147.64,F2,122.162,11.31,a,H+!H*,H+!H*,H+!H*,S,-0.18
FOCUS06,narrow,-0.06,118.96,20.64,6.31,149.5,F2,114.191,4.47,o,H*,L+H*,H*,HLH,0.61
FOCUS07,contrastive,NA,229.85,124.15,5.95,150.37,F2,142.579,19.98,a,L+H*,L+H*,L+H*,S,0.92
FOCUS10,narrow,3.21,164.83,71.03,8.36,145.89,F2,94.356,5.8,i,L+H*,L+H*,L+H*,S,0.94
FOCUS13,broad,-2.88,-34.13,-127.45,3.39,143.47,F2,109.065,4.02,o,H+!H*,H+!H*,H+!H*,S,-0.17
FOCUS14,contrastive,7.45,194.41,100.16,9.36,147.24,F2,119.08,8.19,i,L+H*,L+H*,L+H*,S,0.96
FOCUS15,narrow,-2.91,-41.03,-137.55,2.36,148.67,F2,124.788,11.79,a,H+!H*,H+!H*,H+!H*,S,-0.19
FOCUS17,broad,-2.33,-34.61,-123.56,3.34,147.46,F2,96.83,5.47,i,H+!H*,H+!H*,H+!H*,S,-0.2
FOCUS19,contrastive,6.53,186.61,91.54,8.05,147.42,F2,119.328,4.75,o,L+H*,L+H*,L+H*,S,0.95
FOCUS20,broad,-3.8,-23.9,-114.59,2.17,146.74,F2,129.675,12.21,a,H+!H*,H+!H*,H+!H*,S,-0.11
FOCUS201,broad,-2.73,-51.64,-146.42,5.28,143.88,F2,114.62,5.09,o,H+!H*,H+!H*,H+!H*,S,-0.26
FOCUS202,contrastive,8.62,178.47,76.86,9.7,139,F2,105.609,5.89,i,L+H*,L+H*,L+H*,S,0.95
FOCUS203,narrow,1.39,173.25,79.79,5.97,138.44,F2,124.227,11.93,a,H*,H*,H*,S,0.79
FOCUS205,broad,-4.58,-42.61,-131.96,4.04,138.51,F2,96.091,5.25,i,H+!H*,H+!H*,H+!H*,S,-0.25
FOCUS207,contrastive,7.34,190.82,78.17,9.14,131.93,F2,121.955,3.98,o,L+H*,L+H*,L+H*,S,0.93
FOCUS208,broad,-6.51,-34.92,-117.91,3.54,123.57,F2,121.291,11.95,a,H+!H*,H+!H*,H+!H*,S,-0.17
FOCUS210,narrow,0.16,-43.45,-137.72,9.25,135.35,F2,116.197,2.88,o,H*,H+!H*,H*,DH,-0.22
FOCUS211,contrastive,7.21,218.12,111.87,7.8,138.6,F2,135.092,14.73,a,L+H*,L+H*,L+H*,S,0.92
FOCUS217,broad,-6.79,-59.8,-144.54,3.07,124.81,F2,105.288,2.38,o,H+!H*,H+!H*,H+!H*,S,-0.33
FOCUS218,contrastive,8.93,194.92,95.74,11.32,133.14,F2,115.425,7.27,i,L+H*,L+H*,L+H*,S,0.97
FOCUS219,narrow,-2.36,-39.79,-123.33,NA,NA,F2,122.517,13.14,a,H+!H*,H+!H*,H+!H*,S,-0.19
FOCUS22,narrow,-0.49,-57.85,-153.98,5.16,148.18,F2,110.366,2.65,o,H+!H*,H+!H*,H*,DH,-0.29
FOCUS221,broad,-6.93,-44.89,-150.05,NA,NA,F2,99.883,4.88,i,H+!H*,H+!H*,H+!H*,S,-0.23
FOCUS223,contrastive,9.85,197.59,90.2,10.49,133.69,F2,114.587,3.47,o,L+H*,L+H*,L+H*,S,0.96
FOCUS224,broad,-6.79,-40.27,-133.98,2.47,128.04,F2,123.171,10.46,a,H+!H*,H+!H*,H+!H*,S,-0.19
FOCUS226,narrow,-4.48,-46.69,-151.52,5.97,127.57,F2,117.565,3.69,o,H+!H*,H+!H*,H+!H*,S,-0.23
FOCUS227,contrastive,6.99,204.75,109.58,8.5,133.41,F2,119.242,14.65,a,L+H*,L+H*,L+H*,S,0.92
FOCUS23,contrastive,5.01,208.38,119.58,6.9,139.41,F2,128.637,15.57,a,L+H*,L+H*,L+H*,S,0.94
FOCUS230,narrow,-0.28,-44.9,-132.45,10.57,131.36,F2,98.591,6.16,i,H*,H+!H*,H*,DH,-0.24
FOCUS233,broad,-4.81,-48.95,-145.47,2.07,144.04,F2,109.567,3.28,o,H+!H*,H+!H*,H+!H*,S,-0.25
FOCUS234,contrastive,NA,208.32,91.06,NA,NA,F2,118.593,7.92,i,L+H*,L+H*,L+H*,S,0.97
FOCUS236,narrow,-5.6,-40.11,-119.37,4.73,129.63,F2,118.647,12.64,a,H+!H*,H+!H*,H+!H*,S,-0.2
FOCUS238,broad,-5.58,-30.06,-120.79,2.97,141.46,F2,107.217,4.46,i,H+!H*,H+!H*,H+!H*,S,-0.16
FOCUS240,contrastive,8.8,186.28,89.09,10.78,128.64,F2,112.263,4.43,o,L+H*,L+H*,L+H*,S,0.9
FOCUS241,broad,-8.16,-42.07,-122.23,NA,NA,F2,111.064,8.73,a,H+!H*,H+!H*,H+!H*,S,-0.21
FOCUS243,narrow,-3.36,-50.05,-138.74,7.12,131.29,F2,121.474,3.19,o,H+!H*,H+!H*,H+!H*,S,-0.26
FOCUS244,contrastive,NA,269.45,183.76,11.43,133.73,F2,129.837,13.73,a,L+H*,NA,L+H*,M,1.27
FOCUS247,narrow,-6.47,-41.22,-136.02,6.42,123.43,F2,105.381,7.07,i,H+!H*,H+!H*,H+!H*,S,-0.22
FOCUS250,broad,-6.41,-46.52,-124.95,NA,NA,F2,106.218,2.33,o,H+!H*,H+!H*,H+!H*,S,-0.27
FOCUS251,contrastive,13.09,264.84,176.64,13.48,134.35,F2,108.922,7.44,i,L+H*,NA,L+H*,M,1.42
FOCUS252,narrow,4.93,181.18,95.1,8.3,131.95,F2,124.669,12.43,a,L+H*,L+H*,L+H*,S,0.86
FOCUS26,narrow,1.92,165.18,80.07,7.41,141.96,F2,106.003,6.16,i,H*,L+H*,H*,HLH,0.92
FOCUS29,broad,-4.64,-41.32,-144.7,3.63,139.77,F2,112.826,3.94,o,H+!H*,H+!H*,H+!H*,S,-0.21
FOCUS30,contrastive,7.36,184.67,79.61,8.99,142.5,F2,109.327,6.49,i,L+H*,L+H*,L+H*,S,0.96
FOCUS31,narrow,0.87,188.42,98.91,3.92,142.72,F2,129.657,11.65,a,H*,H*,H+!H*,DH,0.86
FOCUS33,broad,-2.34,-43.39,-131.04,4.11,146.03,F2,95.716,6.82,i,H+!H*,H+!H*,H+!H*,S,-0.25
FOCUS35,contrastive,7.94,191.93,79.79,10.1,133.02,F2,118.419,3.37,o,L+H*,L+H*,L+H*,S,0.93
FOCUS36,broad,-3.62,-31.77,-120.43,2.81,144.43,F2,112.149,11.8,a,H+!H*,H+!H*,H+!H*,S,-0.15
FOCUS38,narrow,1.1,105.73,21.1,7.87,140.29,F2,106.678,3.84,o,H*,L+H*,H*,HLH,0.58
FOCUS39,contrastive,7.07,221.75,123.06,8.07,136.93,F2,130.506,15.75,a,L+H*,L+H*,L+H*,S,0.95
FOCUS42,narrow,0.52,147.51,54.23,6.86,141.23,F2,103.594,5.59,i,H*,H*,H*,S,0.8
FOCUS45,broad,-4.38,-46.33,-145.86,2.57,140.05,F2,111.101,2.72,o,H+!H*,H+!H*,H+!H*,S,-0.25
FOCUS46,contrastive,7.76,180.03,78.22,9.85,137.43,F2,106.704,6.64,i,L+H*,L+H*,L+H*,S,0.97
FOCUS47,narrow,-5.62,-37.25,-125.8,2.18,136.78,F2,129.719,12.62,a,H+!H*,H+!H*,H+!H*,S,-0.17
FOCUS49,broad,-3.32,-47.03,-146.41,3.8,137.63,F2,101.137,5,i,H+!H*,H+!H*,H+!H*,S,-0.26
FOCUS51,contrastive,8.96,196.16,92.95,8.59,146.58,F2,125.605,3.21,o,L+H*,L+H*,L+H*,S,0.91
FOCUS52,broad,-6.16,-38.56,-130.55,1.86,132.79,F2,124.219,10.6,a,H+!H*,H+!H*,H+!H*,S,-0.18
FOCUS54,narrow,4.04,119.35,17.29,6.62,133.89,F2,117.121,2.72,o,H*,H*,L+H*,HLH,0.61
FOCUS55,contrastive,5.63,204.13,109.23,6.32,137.57,F2,128.102,14.47,a,L+H*,L+H*,L+H*,S,0.93
FOCUS58,narrow,5.22,177.66,73.46,7.32,142.19,F2,107.988,6,i,L+H*,L+H*,L+H*,S,0.95
FOKUS103,contrastive,3.83,158.74,79.63,9.2,187.43,F3,113.378,5.09,o,H*,H*,H*,S,0.88
FOKUS104,broad,0.12,162.55,80.66,NA,NA,F3,107.159,15.17,a,H*,H*,H*,S,0.76
FOKUS106,narrow,2.96,169.69,72.59,8.58,192.62,F3,121.519,5.55,o,H*,H*,H*,S,0.9
FOKUS107,contrastive,3.63,186.03,96.9,8.93,192.63,F3,117.286,16.32,a,H*,H*,H*,S,0.85
FOKUS110,narrow,9.04,153.05,55.79,NA,NA,F3,88.696,8.44,i,H*,H*,H*,S,0.87
FOKUS113,broad,1.75,128.6,61.29,NA,NA,F3,49.799,NA,o,H*,H*,H*,S,0.83
FOKUS114,contrastive,4.89,159.68,59.03,10.93,189.14,F3,97.468,11.21,i,H*,H*,H*,S,0.84
FOKUS115,narrow,1.23,164.23,73.17,7.36,187.42,F3,113.409,15.01,a,H*,H*,H*,S,0.76
FOKUS117,broad,1.74,150.24,66.18,8.59,189.11,F3,86.497,7.98,i,H*,H*,H*,S,0.98
FOKUS119,contrastive,3.37,163.67,76.97,9.08,187.41,F3,115.554,3.93,o,H*,H*,H*,S,0.88
FOKUS120,broad,0.02,145.62,65.45,7.23,185.7,F3,102.649,14.42,a,H*,H*,H*,S,0.77
FOKUS122,narrow,2.4,138.23,61.17,8.53,187.42,F3,96.645,2.42,o,H*,H*,H*,S,0.86
FOKUS123,contrastive,2.78,161.38,77.56,9.59,187.42,F3,108.643,15.24,a,H*,H*,H*,S,0.8
FOKUS126,narrow,2.61,166.94,69.41,9.63,184.08,F3,90.404,9.81,i,H*,H*,H*,S,0.95
FOKUS129,broad,1.87,113.39,48.52,8.8,189.3,F3,89.344,3.89,o,H*,H*,H*,S,0.78
FOKUS130,contrastive,4.26,172.73,77.86,9.86,187.42,F3,91.144,8.65,i,H*,H*,H*,S,0.99
FOKUS131,narrow,1.19,148.47,59.86,7.28,187.41,F3,104.488,14.33,a,H*,H*,H*,S,0.73
FOKUS133,broad,0.62,141.05,61.53,7.64,189.13,F3,81.502,7.87,i,H*,H*,H*,S,0.93
FOKUS135,contrastive,3.34,156.88,69.25,8.94,185.74,F3,119.229,3.51,o,H*,H*,H*,S,0.82
FOKUS136,broad,0.93,145.77,73.5,6.75,190.87,F3,98.156,11.56,a,H*,H*,H*,S,0.83
FOKUS138,narrow,1.8,136.3,55.11,8.49,188.18,F3,99.448,2.97,o,H*,H*,H*,S,0.78
FOKUS139,contrastive,2.15,150.43,80.84,7.87,193.3,F3,107.032,14.05,a,H*,H*,H*,S,0.8
FOKUS142,narrow,2.52,147.97,65.51,8.92,186.23,F3,82.836,8.69,i,H*,H*,H*,S,0.93
FOKUS145,broad,2.29,140.28,63.78,8.72,185.74,F3,95.564,3.05,o,H*,H*,H*,S,0.88
FOKUS146,contrastive,3.94,165.51,66.95,11.76,185.07,F3,84.467,8.57,i,H*,H*,H*,S,0.96
FOKUS147,narrow,3.45,168.37,83.36,10.16,187.42,F3,114.635,15.73,a,H*,H*,H*,S,0.8
FOKUS149,broad,1.38,90.72,0.6,NA,NA,F3,78.803,7.9,i,H*,H*,H*,S,0.61
FOKUS151,contrastive,4.57,154.52,59.79,9.76,197.99,F3,119.896,3.36,o,H*,H*,H*,S,0.81
FOKUS152,broad,0.81,123.45,50.26,7.98,NA,F3,100.218,12.76,a,H*,H*,H*,S,0.66
FOKUS154,narrow,1.72,140.27,52.85,8.12,186.48,F3,97.151,2.16,o,H*,H*,H*,S,0.81
FOKUS155,contrastive,2.74,169.6,87.08,9.75,182.49,F3,115.703,15.35,a,H*,H*,H*,S,0.8
FOKUS158,narrow,2.16,148.79,66.45,NA,NA,F3,80.502,7.79,i,H*,H*,H*,S,0.97
FOKUS201,broad,2.12,140.14,67.42,NA,NA,F3,88.982,2.38,o,H*,H*,H*,S,0.87
FOKUS202,contrastive,2.44,156.79,80.93,NA,NA,F3,85.407,8.97,i,H*,H*,H*,S,0.96
FOKUS203,narrow,0.34,150.71,68.2,8.45,185.92,F3,103.558,13.65,a,H*,H*,H*,S,0.76
FOKUS205,broad,2.24,105.69,24.16,9.65,187.19,F3,83.263,8.54,i,H*,H*,H*,S,0.68
FOKUS207,contrastive,4.1,147.45,54.93,10.32,182.76,F3,120.115,3.64,o,H*,H*,H*,S,0.74
FOKUS208,broad,1.26,98.57,32.77,8.28,187.43,F3,96.559,10.92,a,H*,H*,H*,S,0.57
FOKUS210,narrow,2.5,155.58,60.66,9.73,187.43,F3,118.341,2.48,o,H*,H*,H*,S,0.84
FOKUS211,contrastive,2.94,167.94,88.57,9.65,188.53,F3,104.105,13.76,a,H*,H*,H*,S,0.84
FOKUS214,narrow,0.73,146.11,65.26,7.59,184.09,F3,79.212,7.21,i,H*,H*,H*,S,0.94
FOKUS217,broad,1.06,125.21,35.32,NA,NA,F3,103.612,2.63,o,H*,H*,H*,S,0.71
FOKUS218,contrastive,3.57,163.68,61.08,10.47,189.13,F3,90.033,8.48,i,H*,H*,H*,S,0.9
FOKUS219,narrow,1.04,139.03,62.05,8.2,185.35,F3,97.417,10.58,a,H*,H*,H*,S,0.75
FOKUS221,broad,0.55,86.09,4.26,7.18,189.13,F3,72.489,6.34,i,H*,H*,H*,S,0.59
FOKUS223,contrastive,4.31,143.97,62.6,10.81,185.74,F3,105.138,2.78,o,H*,H*,H*,S,0.82
FOKUS224,broad,-0.11,-50.46,-123.7,NA,NA,F3,97.565,10.37,a,H*,H+!H*,H*,DH,-0.28
FOKUS226,narrow,1,99.19,24.62,7.81,187.42,F3,90.365,1.78,o,H*,H*,H*,S,0.65
FOKUS227,contrastive,2.85,175.87,97.28,10.15,179.37,F3,110.33,13.4,a,H*,H*,H*,S,0.83
FOKUS230,narrow,0.55,125.28,40.7,7.54,187.43,F3,84.333,6.73,i,H*,H*,H*,S,0.78
FOKUS233,broad,1.39,128,43.66,NA,NA,F3,101.258,1.28,o,H*,H*,H*,S,0.77
FOKUS234,contrastive,3.22,152.33,71.41,10.17,185.72,F3,89.628,8.28,i,H*,H*,H*,S,0.91
FOKUS235,narrow,1.59,113.06,33.24,NA,NA,F3,99.339,11.56,a,H*,H*,H*,S,0.62
FOKUS237,broad,0.56,77.31,13.1,6.86,192.63,F3,71.151,5.11,i,H*,H*,H*,S,0.6
FOKUS239,contrastive,3.87,154.04,74.7,10.57,182.44,F3,106.45,3.49,o,H*,H*,H*,S,0.86
FOKUS240,broad,-3.26,-49.39,-109.18,4.49,189.13,F3,99.416,11.48,a,H+!H*,H+!H*,H+!H*,S,-0.28
FOKUS242,narrow,2.67,147.4,66.17,9.5,182.47,F3,104.499,4.21,o,H*,H*,H*,S,0.88
FOKUS243,contrastive,3.26,176.26,96.08,9.57,182.46,F3,114.327,14.39,a,H*,H*,H*,S,0.84
FOKUS246,narrow,0.73,144.19,68.11,7.8,187.43,F3,82.925,6.99,i,H*,H*,H*,S,0.94
FOKUS249,broad,0.69,88.09,7.14,7.75,189.1,F3,94.58,1.67,o,H*,H*,H*,S,0.56
FOKUS250,contrastive,2.79,163.28,82.78,9.95,185.75,F3,84.868,8.65,i,H*,H*,H*,S,0.98
FOKUS251,narrow,0.54,94.17,21.84,7.98,185.73,F3,89.294,11.07,a,H*,H*,H*,S,0.54
FOC_HN01,broad,-0.56,150.3,82.79,NA,NA,M1,87.715,7.56,i,H+!H*,H*,H+!H*,DH,0.97
FOC_HN03,contrastive,7.38,208.7,109.86,NA,NA,M1,121.978,11.9,o,L+H*,L+H*,L+H*,S,0.9
FOC_HN04,broad,-4.8,-64.58,-152.67,1.3,85.32,M1,118.359,11.32,a,H+!H*,H+!H*,H+!H*,S,-0.28
FOC_HN06,narrow,6.36,184.15,94.76,6.43,89.14,M1,111.859,6.2,o,L+H*,H*,L+H*,HLH,0.96
FOC_HN07,contrastive,6.74,246.74,147.45,6.13,88.01,M1,133.481,23.49,a,L+H*,H*,L+H*,HLH,0.88
FOC_HN10,narrow,6.55,189.61,104.76,7.37,85.75,M1,104.946,8.36,i,L+H*,H*,L+H*,HLH,0.92
FOC_HN13,broad,-5.21,-49.25,-143.68,1.49,87.18,M1,111.967,4.67,o,H+!H*,H+!H*,H+!H*,S,-0.26
FOC_HN14,contrastive,11.85,217.9,104.94,11.91,87.33,M1,123.776,8.83,i,L+H*,L+H*,L+H*,S,0.96
FOC_HN15,narrow,5.96,196.91,111.22,10.22,85.29,M1,116.366,16.63,a,L+H*,L+H*,L+H*,S,0.84
FOC_HN17,broad,-4.26,-54.89,-143.72,4.47,86.75,M1,94.8,7.52,i,H+!H*,H+!H*,H+!H*,S,-0.3
FOC_HN19,contrastive,11.87,206.93,98.6,11.5,87.43,M1,124.14,11.26,o,L+H*,L+H*,L+H*,S,0.92
FOC_HN20,broad,-7.26,-51.3,-136.26,1.62,86.14,M1,120.013,13.78,a,H+!H*,H+!H*,H+!H*,S,-0.22
FOC_HN203,broad,-5.55,-46.45,-134.73,4.63,84.58,M1,105.691,6.72,o,H+!H*,H+!H*,H+!H*,S,-0.25
FOC_HN204,contrastive,10.43,208.03,113.11,10.91,87.72,M1,112.781,8.37,i,L+H*,L+H*,L+H*,S,1.03
FOC_HN205,narrow,8.26,224.17,126.75,8.19,87.37,M1,134.098,18.57,a,L+H*,L+H*,L+H*,S,0.93
FOC_HN207,broad,-3.25,-56.78,-137.04,5.64,88.47,M1,103.355,7.3,i,H+!H*,H+!H*,H+!H*,S,-0.32
FOC_HN209,contrastive,9.72,223.83,114.07,9.56,88.16,M1,154.346,12.43,o,L+H*,L+H*,L+H*,S,0.88
FOC_HN210,broad,-8.09,-54.24,-135.7,1.83,86.95,M1,114.188,13.47,a,H+!H*,H+!H*,H+!H*,S,-0.23
FOC_HN212,narrow,10.68,226.07,112.04,10.92,87.97,M1,144.434,9.68,o,L+H*,L+H*,L+H*,S,0.92
FOC_HN213,contrastive,NA,243.19,158.84,6.74,87.77,M1,131.598,22.08,a,L+H*,H*,L+H*,HLH,0.92
FOC_HN216,narrow,3.04,156.48,42.74,10.68,90.54,M1,109.711,9.49,i,H*,H*,H*,S,0.73
FOC_HN219,broad,-5.48,-55.52,-157.69,4.38,88.49,M1,125.827,5.76,o,H+!H*,H+!H*,H+!H*,S,-0.24
FOC_HN22,narrow,6.98,199.97,101.91,13.31,87.53,M1,116.993,7.35,o,L+H*,L+H*,L+H*,S,0.96
FOC_HN220,contrastive,12.27,188.74,89.56,12.45,87.59,M1,101.456,8.74,i,L+H*,L+H*,L+H*,S,0.97
FOC_HN221,narrow,6.85,245.03,147.77,7.59,85.8,M1,135.349,20.08,a,L+H*,L+H*,L+H*,S,0.9
FOC_HN23,contrastive,10.64,235.8,132.36,11.02,86.42,M1,130.943,18.85,a,L+H*,L+H*,L+H*,S,0.89
FOC_HN26,narrow,13.42,197.03,94,13.04,87.21,M1,116.591,8.47,i,L+H*,L+H*,L+H*,S,0.92
FOC_HN29,broad,-5.35,-49.77,-151.19,4.1,84.53,M1,115.6,4.09,o,H+!H*,H+!H*,H+!H*,S,-0.25
FOC_HN30,contrastive,12.02,191.63,94.8,11.31,89.75,M1,96.789,7.78,i,L+H*,L+H*,L+H*,S,0.96
FOC_HN31,narrow,7.7,245.54,143.75,7.01,87.47,M1,128.537,19.79,a,L+H*,H*,L+H*,HLH,0.93
FOC_HN33,broad,-4.23,-78.12,-133.17,3.91,88.68,M1,92.523,7.1,i,H+!H*,H+!H*,H+!H*,S,-0.47
FOC_HN35,contrastive,11.96,237.72,130.1,11.61,88.6,M1,163.318,13.86,o,L+H*,L+H*,L+H*,S,0.88
FOC_HN36,broad,-7.65,-66.93,-154.48,0.98,89.29,M1,122.804,13.6,a,H+!H*,H+!H*,H+!H*,S,-0.29
FOC_HN38,narrow,5.53,192.03,74.74,9.95,89.62,M1,136.562,7.49,o,L+H*,L+H*,L+H*,S,0.84
FOC_HN39,contrastive,10.06,219.22,132.29,10.13,88.74,M1,130.302,20.7,a,L+H*,L+H*,L+H*,S,0.88
FOC_HN42,narrow,7.74,208.91,103.77,13.08,91.4,M1,117.005,11.6,i,L+H*,L+H*,L+H*,S,0.9
FOC_HN45,broad,-4.55,-48.81,-145.86,4.41,86.03,M1,101.498,6.35,o,H+!H*,H+!H*,H+!H*,S,-0.25
FOC_HN46,contrastive,11.75,188.74,96.33,11.64,89.94,M1,105.307,9.25,i,L+H*,L+H*,L+H*,S,0.89
FOC_HN48,narrow,8.73,214.06,125.91,19.18,74.2,M1,124.266,17.24,a,L+H*,NA,L+H*,M,1.05
FOC_HN50,broad,-2.86,-54.73,-139.9,6.7,87.24,M1,102.189,7.01,i,H+!H*,H+!H*,H+!H*,S,-0.28
FOC_HN52,contrastive,10.95,244.3,123.25,10.57,89.13,M1,160.109,10.66,o,L+H*,L+H*,L+H*,S,0.97
FOC_HN53,broad,-8.38,-52.59,-147.55,NA,NA,M1,121.087,13.88,a,H+!H*,H+!H*,H+!H*,S,-0.22
FOC_HN55,narrow,5.94,186.62,88.45,13.94,88.86,M1,128.272,8.17,o,L+H*,L+H*,L+H*,S,0.87
FOC_HN56,contrastive,7.93,250.79,149.7,7.46,90.3,M1,129.08,24.4,a,L+H*,H*,L+H*,HLH,0.92
FOC_HN59,narrow,10.34,203.33,117.06,10.38,90.69,M1,113.346,8.42,i,L+H*,L+H*,L+H*,S,0.95
FOC_HN62,broad,-3.8,-57.03,-142.3,5.45,89.21,M1,113.601,5.04,o,H+!H*,H+!H*,H+!H*,S,-0.29
FOC_HN63,contrastive,13.49,209.98,113.5,13.78,91.71,M1,122.715,9.77,i,L+H*,L+H*,L+H*,S,0.86
FOC_HN64,narrow,6.12,251.98,152.13,6.7,89.26,M1,131.681,15.97,a,L+H*,H*,L+H*,HLH,0.93
FOC_HN66,broad,-4.57,-53.2,-142.52,4.45,84.51,M1,100.042,6.4,i,H+!H*,H+!H*,H+!H*,S,-0.29
FOC_HN68,contrastive,12.19,204.63,113.37,11.97,88.17,M1,135.43,9.32,o,L+H*,L+H*,L+H*,S,0.92
FOC_HN69,broad,-7.76,-63,-144.62,1.17,89,M1,118.114,13.3,a,H+!H*,H+!H*,H+!H*,S,-0.26
FOC_HN71,narrow,12,208.9,110.47,12.08,88.13,M1,136.052,7.66,o,L+H*,L+H*,L+H*,S,0.94
FOC_HN72,contrastive,7.54,225.56,132.55,7.93,87.05,M1,122.594,17.58,a,L+H*,H*,L+H*,HLH,0.9
FOC_HN75,narrow,9.74,187.46,100.12,10.84,88.81,M1,105.536,9.32,i,L+H*,L+H*,L+H*,S,0.94
FOC_HN78,broad,-3.97,-49.16,-151.32,4.78,85.36,M1,113.461,4.59,o,H+!H*,H+!H*,H+!H*,S,-0.24
FOC_HN79,contrastive,NA,194.88,109.87,12.5,91.56,M1,112.662,10,i,L+H*,L+H*,L+H*,S,0.9
FOC_HN80,narrow,6.32,197.95,107.16,12.8,86.61,M1,119.126,12.5,a,L+H*,L+H*,L+H*,S,0.85
FOC_HN82,broad,-4.73,-58.79,-146.01,5.53,83.97,M1,102.622,6.49,i,H+!H*,H+!H*,H+!H*,S,-0.3
FOC_HN84,contrastive,13.26,220.48,121.25,13.43,86.96,M1,152.854,11.29,o,L+H*,L+H*,L+H*,S,0.88
FOC_HN85,broad,-8.28,-54.21,-135.56,1.62,84.8,M1,118.682,12.53,a,H+!H*,H+!H*,H+!H*,S,-0.25
FOC_HN87,narrow,8.94,190.11,86.06,15.43,85.61,M1,139.724,8.78,o,L+H*,L+H*,L+H*,S,0.84
FOC_HN88,contrastive,9.21,243.17,151.88,9.19,84.53,M1,128.422,22.63,a,L+H*,L+H*,L+H*,S,0.86
FOC_HN91,narrow,12.05,174.89,86.14,NA,NA,M1,96.981,7.38,i,L+H*,L+H*,L+H*,S,0.93
FOC_MB101,broad,1.88,150.16,72.21,6.84,103.29,M2,86.721,7.93,i,H*,H*,H+!H*,DH,0.89
FOC_MB103,contrastive,6.42,210.41,75.89,9.39,106.55,M2,143.471,5.83,o,L+H*,L+H*,L+H*,S,0.83
FOC_MB104,broad,1.98,240.61,142.96,6.18,105.74,M2,126.186,17.06,a,L+H*,H*,L+H*,HLH,0.99
FOC_MB106,narrow,4.21,230.13,107.84,8.79,109.36,M2,143.868,7.21,o,L+H*,L+H*,L+H*,S,0.94
FOC_MB107,contrastive,3.08,247.21,139.38,6.49,101.85,M2,131.653,18.67,a,L+H*,H*,L+H*,HLH,1
FOC_MB110,narrow,5.36,196.79,96.93,9.71,107.17,M2,99.392,10.22,i,L+H*,L+H*,L+H*,S,0.95
FOC_MB113,broad,2.56,202.05,103.92,6.33,108.07,M2,117.772,6.33,o,H*,H*,H+!H*,DH,0.94
FOC_MB114,contrastive,5.41,191.81,94.82,8.92,109.44,M2,108.487,10.1,i,L+H*,L+H*,L+H*,S,0.89
FOC_MB115,narrow,-0.002,259.56,157.22,NA,NA,M2,127.738,19.21,a,L+H*,H*,H+!H*,DH,1.02
FOC_MB119,contrastive,6.75,209.67,97.41,9.3,102.59,M2,129.797,8.42,o,L+H*,L+H*,L+H*,S,0.91
FOC_MB120,broad,-0.68,228.13,118.05,4.78,104.86,M2,130.709,17.46,a,H+!H*,H*,H+!H*,DH,0.89
FOC_MB122,narrow,2.57,204.9,111.63,7.67,102.79,M2,123.69,8.44,o,L+H*,H*,H+!H*,DH,0.96
FOC_MB123,contrastive,2.73,214.05,124.87,5.8,106.75,M2,124.431,17.13,a,L+H*,H*,L+H*,HLH,0.89
FOC_MB126,narrow,7.25,192.29,75.77,11.39,94.51,M2,97.422,9.64,i,L+H*,H*,L+H*,HLH,0.95
FOC_MB129,broad,1.19,256.6,118.37,6.81,101.7,M2,159.861,6.01,o,H*,H*,H+!H*,DH,1.03
FOC_MB130,contrastive,6.33,176.86,80.91,8.97,104.76,M2,105.48,11.83,i,L+H*,L+H*,L+H*,S,0.84
FOC_MB131,narrow,3.66,252.13,154.3,7.13,105.63,M2,137.269,18.6,a,L+H*,L+H*,L+H*,S,1
FOC_MB133,broad,3.39,191.62,98.7,8.4,104.49,M2,98.744,8.71,i,L+H*,H*,L+H*,HLH,1.02
FOC_MB135,contrastive,5.93,251.01,131.1,6.48,125.46,M2,165.236,6.85,o,L+H*,L+H*,L+H*,S,0.95
FOC_MB136,broad,-0.99,202.47,111.18,4.29,103.79,M2,119.34,15.07,a,H+!H*,H*,H+!H*,DH,0.88
FOC_MB138,narrow,4.13,202.2,106.13,7.97,102.35,M2,119.983,6.12,o,L+H*,L+H*,L+H*,S,0.9
FOC_MB139,contrastive,5.93,212.97,124.86,6.81,105.74,M2,126.287,15.91,a,L+H*,L+H*,L+H*,S,0.92
FOC_MB142,narrow,3.3,164.37,62.94,7.81,103.85,M2,92.484,5.39,i,L+H*,H*,L+H*,HLH,0.9
FOC_MB145,broad,3.26,206.26,106.95,6.87,109.15,M2,132.977,6.41,o,L+H*,H*,L+H*,HLH,0.94
FOC_MB146,contrastive,6.25,157.16,65.58,8.95,108.89,M2,93.1,9.27,i,L+H*,L+H*,L+H*,S,0.87
FOC_MB147,narrow,-3.44,NA,NA,2.56,103.38,M2,127.92,15.75,a,H*,NA,L+H*,M,NA
FOC_MB149,broad,2.36,163.69,59.93,8.39,101.17,M2,89.594,8.1,i,H*,H*,L+H*,HLH,0.9
FOC_MB151,contrastive,NA,223.8,121.91,9.77,105.24,M2,141.103,5.44,o,L+H*,L+H*,L+H*,S,0.97
FOC_MB152,broad,-0.8,210.13,124.96,5.18,102.27,M2,118.994,16.21,a,H+!H*,H*,H+!H*,DH,0.93
FOC_MB154,narrow,3.4,204.09,106.83,8.54,98.5,M2,135.562,5.07,o,L+H*,L+H*,L+H*,S,0.9
FOC_MB155,contrastive,5.18,216.84,131.54,7.4,103.73,M2,120.737,18.57,a,L+H*,L+H*,L+H*,S,0.94
FOC_MB158,narrow,4.77,156.78,71.8,7.97,106.67,M2,88.016,8.18,i,L+H*,H*,L+H*,HLH,0.87
FOC_MB161,broad,0.97,172.96,81.02,NA,NA,M2,104.937,4.92,o,H*,H*,H+!H*,DH,0.85
FOC_MB162,contrastive,5.54,169.37,89.08,8.62,106.26,M2,89.668,7.04,i,L+H*,L+H*,L+H*,S,0.99
FOC_MB163,narrow,0.68,195.39,106.13,5.18,105.35,M2,123.063,15.55,a,H*,H*,H+!H*,DH,0.85
FOC_MB165,broad,4.57,152.76,72.46,7.73,108.89,M2,91.736,7.78,i,L+H*,H*,L+H*,HLH,0.88
FOC_MB167,contrastive,8.98,211.84,100.79,10.43,101.64,M2,133.318,4.14,o,L+H*,L+H*,L+H*,S,0.9
FOC_MB168,broad,0.33,197.23,106.69,5.12,106.85,M2,110.738,12.83,a,H+!H*,H*,H+!H*,DH,0.91
FOC_MB170,narrow,4.49,188.69,93.72,8.84,106.8,M2,111.462,5.08,o,L+H*,L+H*,L+H*,S,0.91
FOC_MB171,contrastive,5.27,NA,NA,NA,NA,M2,124.635,17.36,a,L+H*,NA,L+H*,M,0.92
FOC_MB174,narrow,4.07,158.14,81.64,8.05,106.7,M2,90.29,8.02,i,L+H*,H*,L+H*,HLH,0.89
FOC_MB177,broad,1,181.58,93.01,5.41,103.1,M2,115.632,5.02,o,H*,H*,H+!H*,DH,0.94
FOC_MB178,contrastive,8.05,185.7,97.39,9.67,104.9,M2,104.117,9.18,i,L+H*,L+H*,L+H*,S,0.89
FOC_MB179,narrow,0.7,198.82,113.59,4.58,103.38,M2,113.136,15.99,a,H*,H*,H+!H*,DH,0.91
FOC_MB201,broad,1.99,174.84,100.38,5.5,108.26,M2,82.795,6.37,i,H*,H*,H+!H*,DH,1.05
FOC_MB203,contrastive,5.54,204.6,95.38,8.77,99.81,M2,129.789,5.81,o,L+H*,L+H*,L+H*,S,0.9
FOC_MB204,broad,1.66,200.28,119.86,5.21,107.97,M2,116.432,14.77,a,H*,H*,H+!H*,DH,0.91
FOC_MB206,narrow,6.58,222.02,122.83,7.92,107.08,M2,93.846,4.43,o,L+H*,H*,L+H*,HLH,0.88
FOC_MB207,contrastive,4.51,228.81,143.24,7.98,105.7,M2,128.734,16.66,a,L+H*,L+H*,L+H*,S,0.95
FOC_MB210,narrow,5.72,176.38,63.39,8.65,106,M2,89.075,8.08,i,L+H*,H*,L+H*,HLH,0.97
FOC_MB213,broad,4.22,186.18,90.2,6.84,106.99,M2,115.563,5.68,o,L+H*,H*,L+H*,HLH,0.88
FOC_MB214,contrastive,8.33,183.88,64.76,10.02,99.81,M2,98.505,9.17,i,L+H*,L+H*,L+H*,S,0.9
FOC_MB215,narrow,5.31,219.45,131,6.2,110.99,M2,130.179,17.21,a,L+H*,L+H*,L+H*,S,0.88
FOC_MB217,broad,2.87,165.94,77.02,7.22,105.55,M2,87.683,6.45,i,H*,H*,L+H*,HLH,0.98
FOC_MB219,contrastive,6.99,240.6,119.75,NA,NA,M2,148.138,5.95,o,L+H*,L+H*,L+H*,S,0.96
FOC_MB220,broad,0.7,212.14,117.69,5.41,101.37,M2,124.461,12.39,a,H+!H*,H*,H+!H*,DH,0.95
FOC_MB222,narrow,4.39,197.24,96.45,6.75,106.31,M2,134.832,4.58,o,L+H*,L+H*,L+H*,S,0.88
FOC_MB223,contrastive,8.27,254.35,133.77,8.14,95.75,M2,134.209,19.25,a,L+H*,L+H*,L+H*,S,1.01
FOC_MB230,contrastive,8.81,192.52,99.1,10.4,97.53,M2,95.202,8.04,i,L+H*,L+H*,L+H*,S,0.99
FOC_MB231,narrow,2,212,121.68,5.91,103.88,M2,119.731,15.2,a,H*,H*,H+!H*,DH,0.91
